﻿<?xml version="1.0" encoding="utf-8"?>
<dataController name="AnalisisLab" conflictDetection="overwriteChanges" label="Analisis Lab" xmlns="urn:schemas-codeontime-com:data-aquarium">
  <commands>
    <command id="command1" type="Text">
      <text><![CDATA[
select
	"AnalisisLab"."idAnalisis" "IDAnalisis"
	,"AnalisisLab"."CampoAnalitico" "CampoAnalitico"
	,"AnalisisLab"."Metodo" "Metodo"
	,"AnalisisLab"."Muestra_Extraccion" "MuestraExtraccion"
	,"AnalisisLab"."Nombre" "Nombre"
	,"AnalisisLab"."observacionFija" "ObservacionFija"
	,"AnalisisLab"."observacionDinamica" "ObservacionDinamica"
	,"AnalisisLab"."Estado" "Estado"
from "dbo"."AnalisisLab" "AnalisisLab"
]]></text>
    </command>
  </commands>
  <fields>
    <field name="IDAnalisis" type="Int32" allowNulls="false" isPrimaryKey="true" label="id Analisis" />
    <field name="CampoAnalitico" type="String" allowNulls="false" label="Campo Analitico" length="100" showInSummary="true" />
    <field name="Metodo" type="String" allowNulls="false" label="Metodo" length="100" showInSummary="true" />
    <field name="MuestraExtraccion" type="String" allowNulls="false" label="Muestra Extraccion" length="100" showInSummary="true" />
    <field name="Nombre" type="String" allowNulls="false" label="Nombre" length="50" showInSummary="true" />
    <field name="ObservacionFija" type="String" label="observacion Fija" length="255" showInSummary="true" />
    <field name="ObservacionDinamica" type="String" label="observacion Dinamica" length="255" />
    <field name="Estado" type="Int32" allowNulls="false" label="Estado" />
  </fields>
  <views>
    <view id="grid1" type="Grid" commandId="command1" label="Analisis Lab">
      <headerText>$DefaultGridViewDescription</headerText>
      <dataFields>
        <dataField fieldName="CampoAnalitico" />
        <dataField fieldName="Metodo" />
        <dataField fieldName="MuestraExtraccion" />
        <dataField fieldName="Nombre" columns="50" />
        <dataField fieldName="ObservacionFija" />
        <dataField fieldName="ObservacionDinamica" />
        <dataField fieldName="Estado" columns="15" />
      </dataFields>
    </view>
    <view id="editForm1" type="Form" commandId="command1" label="Review Analisis Lab">
      <headerText>$DefaultEditViewDescription</headerText>
      <categories>
        <category id="c1" headerText="Analisis Lab" newColumn="true">
          <description><![CDATA[$DefaultEditDescription]]></description>
          <dataFields>
            <dataField fieldName="CampoAnalitico" />
            <dataField fieldName="Metodo" />
            <dataField fieldName="MuestraExtraccion" />
            <dataField fieldName="Nombre" columns="50" />
            <dataField fieldName="ObservacionFija" />
            <dataField fieldName="ObservacionDinamica" />
            <dataField fieldName="Estado" columns="15" />
          </dataFields>
        </category>
      </categories>
    </view>
    <view id="createForm1" type="Form" commandId="command1" label="New Analisis Lab">
      <headerText>$DefaultCreateViewDescription</headerText>
      <categories>
        <category id="c1" headerText="New Analisis Lab" newColumn="true">
          <description><![CDATA[$DefaultNewDescription]]></description>
          <dataFields>
            <dataField fieldName="CampoAnalitico" />
            <dataField fieldName="Metodo" />
            <dataField fieldName="MuestraExtraccion" />
            <dataField fieldName="Nombre" columns="50" />
            <dataField fieldName="ObservacionFija" />
            <dataField fieldName="ObservacionDinamica" />
            <dataField fieldName="Estado" columns="15" />
          </dataFields>
        </category>
      </categories>
    </view>
  </views>
  <actions>
    <actionGroup id="ag1" scope="Grid">
      <action id="a1" commandName="Select" commandArgument="editForm1" />
      <action id="a2" commandName="Edit" />
      <action id="a3" commandName="Delete" />
      <action id="a6" />
      <action id="a7" commandName="New" commandArgument="grid1" />
      <action id="a8" commandName="Duplicate" commandArgument="createForm1" />
    </actionGroup>
    <actionGroup id="ag2" scope="Form">
      <action id="a1" commandName="Edit" />
      <action id="a2" commandName="Delete" />
      <action id="a3" commandName="Cancel" />
      <action id="a4" whenLastCommandName="Edit" commandName="Update" />
      <action id="a5" whenLastCommandName="Edit" commandName="Delete" />
      <action id="a6" whenLastCommandName="Edit" commandName="Cancel" />
      <action id="a7" whenLastCommandName="New" commandName="Insert" />
      <action id="a8" whenLastCommandName="New" commandName="Cancel" />
      <action id="a9" whenLastCommandName="Duplicate" commandName="Insert" />
      <action id="a10" whenLastCommandName="Duplicate" commandName="Cancel" />
      <action id="a13" whenLastCommandName="Insert" whenView="createForm1" commandName="Select" commandArgument="editForm1" whenKeySelected="true" whenClientScript="this.get_hasDetails()" />
    </actionGroup>
    <actionGroup id="ag3" scope="ActionBar" headerText="New" flat="true">
      <action id="a1" commandName="New" commandArgument="createForm1" cssClass="NewIcon" />
    </actionGroup>
    <actionGroup id="ag4" scope="ActionBar" headerText="Edit/Delete" flat="true">
      <action id="a1" whenKeySelected="true" commandName="Edit" commandArgument="editForm1" cssClass="EditIcon" whenView="grid1" />
      <action id="a2" whenKeySelected="true" commandName="Delete" cssClass="DeleteIcon" whenView="grid1" />
    </actionGroup>
    <actionGroup id="ag5" scope="ActionBar" headerText="Actions">
      <action id="a1" commandName="ExportCsv" />
      <action id="a2" />
      <action id="a3" commandName="ExportRowset" />
      <action id="a4" commandName="ExportRss" />
    </actionGroup>
    <actionGroup id="ag6" scope="ActionBar" headerText="Record">
      <action id="a1" whenLastCommandName="Edit" commandName="Update" />
      <action id="a2" whenLastCommandName="Edit" commandName="Cancel" />
      <action id="a3" whenLastCommandName="New" commandName="Insert" />
      <action id="a4" whenLastCommandName="New" commandName="Cancel" />
    </actionGroup>
    <actionGroup id="ag7" scope="ActionBar" headerText="Report">
      <action id="a1" commandName="ReportAsPdf" />
      <action id="a2" commandName="ReportAsImage" />
      <action id="a3" commandName="ReportAsExcel" />
      <action id="a4" commandName="ReportAsWord" />
    </actionGroup>
    <actionGroup id="ag8" scope="Row">
      <action id="a4" whenLastCommandName="Edit" commandName="Update" />
      <action id="a5" whenLastCommandName="Edit" commandName="Cancel" />
      <action id="a6" whenLastCommandName="New" commandName="Insert" />
      <action id="a7" whenLastCommandName="New" commandName="Cancel" />
    </actionGroup>
  </actions>
</dataController>