﻿<?xml version="1.0" encoding="utf-8"?>
<dataController name="ComponenteSubgrupo" conflictDetection="overwriteChanges" label="Componente Subgrupo" xmlns="urn:schemas-codeontime-com:data-aquarium">
  <commands>
    <command id="command1" type="Text">
      <text><![CDATA[
select
	"componente_subGrupo"."idSubGrupo" "IDSubGrupo"
	,"TheidSubGrupo"."nombre" "TheidSubGruponombre"
	,"componente_subGrupo"."idComponente" "IDComponente"
	,"TheidComponente"."nombre" "TheidComponentenombre"
from "dbo"."componente_subGrupo" "componente_subGrupo"
	left join "dbo"."subGrupo" "TheidSubGrupo" on "componente_subGrupo"."idSubGrupo" = "TheidSubGrupo"."idSubGrupo"
	left join "dbo"."componente" "TheidComponente" on "componente_subGrupo"."idComponente" = "TheidComponente"."idComponente"
]]></text>
    </command>
  </commands>
  <fields>
    <field name="IDSubGrupo" type="Int32" allowNulls="false" isPrimaryKey="true" label="id Sub Grupo" showInSummary="true">
      <items style="Lookup" dataController="SubGrupo" newDataView="createForm1" dataValueField="IDSubGrupo" />
    </field>
    <field name="TheidSubGruponombre" type="String" readOnly="true" label="Theid Sub Gruponombre" length="50" />
    <field name="IDComponente" type="Int32" allowNulls="false" isPrimaryKey="true" label="id Componente" showInSummary="true">
      <items style="Lookup" dataController="Componente" newDataView="createForm1" dataValueField="IDComponente" />
    </field>
    <field name="TheidComponentenombre" type="String" readOnly="true" label="Theid Componentenombre" length="50" />
  </fields>
  <views>
    <view id="grid1" type="Grid" commandId="command1" label="Componente Subgrupo">
      <headerText>$DefaultGridViewDescription</headerText>
      <dataFields>
        <dataField fieldName="IDSubGrupo" aliasFieldName="TheidSubGruponombre" />
        <dataField fieldName="IDComponente" aliasFieldName="TheidComponentenombre" />
      </dataFields>
    </view>
    <view id="editForm1" type="Form" commandId="command1" label="Review Componente Subgrupo">
      <headerText>$DefaultEditViewDescription</headerText>
      <categories>
        <category id="c1" headerText="Componente Subgrupo" newColumn="true">
          <description><![CDATA[$DefaultEditDescription]]></description>
          <dataFields>
            <dataField fieldName="IDSubGrupo" aliasFieldName="TheidSubGruponombre" />
            <dataField fieldName="IDComponente" aliasFieldName="TheidComponentenombre" />
          </dataFields>
        </category>
      </categories>
    </view>
    <view id="createForm1" type="Form" commandId="command1" label="New Componente Subgrupo">
      <headerText>$DefaultCreateViewDescription</headerText>
      <categories>
        <category id="c1" headerText="New Componente Subgrupo" newColumn="true">
          <description><![CDATA[$DefaultNewDescription]]></description>
          <dataFields>
            <dataField fieldName="IDSubGrupo" aliasFieldName="TheidSubGruponombre" />
            <dataField fieldName="IDComponente" aliasFieldName="TheidComponentenombre" />
          </dataFields>
        </category>
      </categories>
    </view>
  </views>
  <actions>
    <actionGroup id="ag1" scope="Grid">
      <action id="a1" commandName="Select" commandArgument="editForm1" />
      <action id="a2" commandName="Edit" />
      <action id="a3" commandName="Delete" />
      <action id="a6" />
      <action id="a7" commandName="New" commandArgument="grid1" />
      <action id="a8" commandName="Duplicate" commandArgument="createForm1" />
    </actionGroup>
    <actionGroup id="ag2" scope="Form">
      <action id="a1" commandName="Edit" />
      <action id="a2" commandName="Delete" />
      <action id="a3" commandName="Cancel" />
      <action id="a4" whenLastCommandName="Edit" commandName="Update" />
      <action id="a5" whenLastCommandName="Edit" commandName="Delete" />
      <action id="a6" whenLastCommandName="Edit" commandName="Cancel" />
      <action id="a7" whenLastCommandName="New" commandName="Insert" />
      <action id="a8" whenLastCommandName="New" commandName="Cancel" />
      <action id="a9" whenLastCommandName="Duplicate" commandName="Insert" />
      <action id="a10" whenLastCommandName="Duplicate" commandName="Cancel" />
      <action id="a13" whenLastCommandName="Insert" whenView="createForm1" commandName="Select" commandArgument="editForm1" whenKeySelected="true" whenClientScript="this.get_hasDetails()" />
    </actionGroup>
    <actionGroup id="ag3" scope="ActionBar" headerText="New" flat="true">
      <action id="a1" commandName="New" commandArgument="createForm1" cssClass="NewIcon" />
    </actionGroup>
    <actionGroup id="ag4" scope="ActionBar" headerText="Edit/Delete" flat="true">
      <action id="a1" whenKeySelected="true" commandName="Edit" commandArgument="editForm1" cssClass="EditIcon" whenView="grid1" />
      <action id="a2" whenKeySelected="true" commandName="Delete" cssClass="DeleteIcon" whenView="grid1" />
    </actionGroup>
    <actionGroup id="ag5" scope="ActionBar" headerText="Actions">
      <action id="a1" commandName="ExportCsv" />
      <action id="a2" />
      <action id="a3" commandName="ExportRowset" />
      <action id="a4" commandName="ExportRss" />
    </actionGroup>
    <actionGroup id="ag6" scope="ActionBar" headerText="Record">
      <action id="a1" whenLastCommandName="Edit" commandName="Update" />
      <action id="a2" whenLastCommandName="Edit" commandName="Cancel" />
      <action id="a3" whenLastCommandName="New" commandName="Insert" />
      <action id="a4" whenLastCommandName="New" commandName="Cancel" />
    </actionGroup>
    <actionGroup id="ag7" scope="ActionBar" headerText="Report">
      <action id="a1" commandName="ReportAsPdf" />
      <action id="a2" commandName="ReportAsImage" />
      <action id="a3" commandName="ReportAsExcel" />
      <action id="a4" commandName="ReportAsWord" />
    </actionGroup>
    <actionGroup id="ag8" scope="Row">
      <action id="a4" whenLastCommandName="Edit" commandName="Update" />
      <action id="a5" whenLastCommandName="Edit" commandName="Cancel" />
      <action id="a6" whenLastCommandName="New" commandName="Insert" />
      <action id="a7" whenLastCommandName="New" commandName="Cancel" />
    </actionGroup>
  </actions>
</dataController>