﻿<?xml version="1.0" encoding="utf-8"?>
<dataController name="Medico" conflictDetection="overwriteChanges" label="Medico" xmlns="urn:schemas-codeontime-com:data-aquarium">
  <commands>
    <command id="command1" type="Text">
      <text><![CDATA[
select
	"Medico"."Id_Medico" "IDMedico"
	,"Medico"."Nombre" "Nombre"
	,"Medico"."Ap_P" "ApP"
	,"Medico"."AP_M" "ApM"
	,"Medico"."Especialidad" "Especialidad"
	,"Medico"."Email" "Email"
	,"Medico"."Celular" "Celular"
	,"Medico"."Fijo" "Fijo"
	,"Medico"."porcentajeComision" "PorcentajeComision"
	,"Medico"."Estado" "Estado"
	,"Medico"."Log_In" "LogIn"
from "dbo"."Medico" "Medico"
]]></text>
    </command>
  </commands>
  <fields>
    <field name="IDMedico" type="Int32" allowNulls="false" isPrimaryKey="true" label="Id Medico" />
    <field name="Nombre" type="String" allowNulls="false" label="Nombre" length="100" showInSummary="true" />
    <field name="ApP" type="String" label="Ap P" length="100" showInSummary="true" />
    <field name="ApM" type="String" label="Ap M" length="100" showInSummary="true" />
    <field name="Especialidad" type="String" label="Especialidad" length="255" showInSummary="true" />
    <field name="Email" type="String" label="Email" length="50" showInSummary="true" />
    <field name="Celular" type="String" label="Celular" length="255" />
    <field name="Fijo" type="String" label="Fijo" length="255" />
    <field name="PorcentajeComision" type="Int32" label="porcentaje Comision" />
    <field name="Estado" type="String" allowNulls="false" label="Estado" length="1" />
    <field name="LogIn" type="String" allowNulls="false" label="Log In" length="255" />
  </fields>
  <views>
    <view id="grid1" type="Grid" commandId="command1" label="Medico">
      <headerText>$DefaultGridViewDescription</headerText>
      <dataFields>
        <dataField fieldName="Nombre" />
        <dataField fieldName="ApP" />
        <dataField fieldName="ApM" />
        <dataField fieldName="Especialidad" />
        <dataField fieldName="Email" columns="50" />
        <dataField fieldName="Celular" />
        <dataField fieldName="Fijo" />
        <dataField fieldName="PorcentajeComision" columns="15" />
        <dataField fieldName="Estado" columns="1" />
        <dataField fieldName="LogIn" />
      </dataFields>
    </view>
    <view id="editForm1" type="Form" commandId="command1" label="Review Medico">
      <headerText>$DefaultEditViewDescription</headerText>
      <categories>
        <category id="c1" headerText="Medico" newColumn="true">
          <description><![CDATA[$DefaultEditDescription]]></description>
          <dataFields>
            <dataField fieldName="Nombre" />
            <dataField fieldName="ApP" />
            <dataField fieldName="ApM" />
            <dataField fieldName="Especialidad" />
            <dataField fieldName="Email" columns="50" />
            <dataField fieldName="Celular" />
            <dataField fieldName="Fijo" />
            <dataField fieldName="PorcentajeComision" columns="15" />
            <dataField fieldName="Estado" columns="1" />
            <dataField fieldName="LogIn" />
          </dataFields>
        </category>
      </categories>
    </view>
    <view id="createForm1" type="Form" commandId="command1" label="New Medico">
      <headerText>$DefaultCreateViewDescription</headerText>
      <categories>
        <category id="c1" headerText="New Medico" newColumn="true">
          <description><![CDATA[$DefaultNewDescription]]></description>
          <dataFields>
            <dataField fieldName="Nombre" />
            <dataField fieldName="ApP" />
            <dataField fieldName="ApM" />
            <dataField fieldName="Especialidad" />
            <dataField fieldName="Email" columns="50" />
            <dataField fieldName="Celular" />
            <dataField fieldName="Fijo" />
            <dataField fieldName="PorcentajeComision" columns="15" />
            <dataField fieldName="Estado" columns="1" />
            <dataField fieldName="LogIn" />
          </dataFields>
        </category>
      </categories>
    </view>
  </views>
  <actions>
    <actionGroup id="ag1" scope="Grid">
      <action id="a1" commandName="Select" commandArgument="editForm1" />
      <action id="a2" commandName="Edit" />
      <action id="a3" commandName="Delete" />
      <action id="a6" />
      <action id="a7" commandName="New" commandArgument="grid1" />
      <action id="a8" commandName="Duplicate" commandArgument="createForm1" />
    </actionGroup>
    <actionGroup id="ag2" scope="Form">
      <action id="a1" commandName="Edit" />
      <action id="a2" commandName="Delete" />
      <action id="a3" commandName="Cancel" />
      <action id="a4" whenLastCommandName="Edit" commandName="Update" />
      <action id="a5" whenLastCommandName="Edit" commandName="Delete" />
      <action id="a6" whenLastCommandName="Edit" commandName="Cancel" />
      <action id="a7" whenLastCommandName="New" commandName="Insert" />
      <action id="a8" whenLastCommandName="New" commandName="Cancel" />
      <action id="a9" whenLastCommandName="Duplicate" commandName="Insert" />
      <action id="a10" whenLastCommandName="Duplicate" commandName="Cancel" />
      <action id="a13" whenLastCommandName="Insert" whenView="createForm1" commandName="Select" commandArgument="editForm1" whenKeySelected="true" whenClientScript="this.get_hasDetails()" />
    </actionGroup>
    <actionGroup id="ag3" scope="ActionBar" headerText="New" flat="true">
      <action id="a1" commandName="New" commandArgument="createForm1" cssClass="NewIcon" />
    </actionGroup>
    <actionGroup id="ag4" scope="ActionBar" headerText="Edit/Delete" flat="true">
      <action id="a1" whenKeySelected="true" commandName="Edit" commandArgument="editForm1" cssClass="EditIcon" whenView="grid1" />
      <action id="a2" whenKeySelected="true" commandName="Delete" cssClass="DeleteIcon" whenView="grid1" />
    </actionGroup>
    <actionGroup id="ag5" scope="ActionBar" headerText="Actions">
      <action id="a1" commandName="ExportCsv" />
      <action id="a2" />
      <action id="a3" commandName="ExportRowset" />
      <action id="a4" commandName="ExportRss" />
    </actionGroup>
    <actionGroup id="ag6" scope="ActionBar" headerText="Record">
      <action id="a1" whenLastCommandName="Edit" commandName="Update" />
      <action id="a2" whenLastCommandName="Edit" commandName="Cancel" />
      <action id="a3" whenLastCommandName="New" commandName="Insert" />
      <action id="a4" whenLastCommandName="New" commandName="Cancel" />
    </actionGroup>
    <actionGroup id="ag7" scope="ActionBar" headerText="Report">
      <action id="a1" commandName="ReportAsPdf" />
      <action id="a2" commandName="ReportAsImage" />
      <action id="a3" commandName="ReportAsExcel" />
      <action id="a4" commandName="ReportAsWord" />
    </actionGroup>
    <actionGroup id="ag8" scope="Row">
      <action id="a4" whenLastCommandName="Edit" commandName="Update" />
      <action id="a5" whenLastCommandName="Edit" commandName="Cancel" />
      <action id="a6" whenLastCommandName="New" commandName="Insert" />
      <action id="a7" whenLastCommandName="New" commandName="Cancel" />
    </actionGroup>
  </actions>
</dataController>