﻿<?xml version="1.0" encoding="utf-8"?>
<dataController name="Persona" conflictDetection="overwriteChanges" label="Persona" xmlns="urn:schemas-codeontime-com:data-aquarium">
  <commands>
    <command id="command1" type="Text">
      <text><![CDATA[
select
	"Persona"."Ci" "Ci"
	,"Persona"."Pass" "Pass"
	,"Persona"."Nombre" "Nombre"
	,"Persona"."Telefono" "Telefono"
	,"Persona"."Correo" "Correo"
	,"Persona"."Sexo" "Sexo"
	,"Persona"."FNacimiento" "Fnacimiento"
	,"Persona"."Direccion" "Direccion"
	,"Persona"."Estado" "Estado"
from "dbo"."Persona" "Persona"
]]></text>
    </command>
  </commands>
  <fields>
    <field name="Ci" type="Int32" allowNulls="false" isPrimaryKey="true" label="Ci" />
    <field name="Pass" type="String" allowNulls="false" label="Pass" length="300" showInSummary="true" />
    <field name="Nombre" type="String" allowNulls="false" label="Nombre" length="100" showInSummary="true" />
    <field name="Telefono" type="String" label="Telefono" length="15" showInSummary="true" />
    <field name="Correo" type="String" label="Correo" length="50" showInSummary="true" />
    <field name="Sexo" type="String" allowNulls="false" label="Sexo" length="1" showInSummary="true" />
    <field name="Fnacimiento" type="String" label="F Nacimiento" length="100" />
    <field name="Direccion" type="String" allowNulls="false" label="Direccion" length="100" />
    <field name="Estado" type="Boolean" allowNulls="false" label="Estado" />
  </fields>
  <views>
    <view id="grid1" type="Grid" commandId="command1" label="Persona">
      <headerText>$DefaultGridViewDescription</headerText>
      <dataFields>
        <dataField fieldName="Pass" />
        <dataField fieldName="Nombre" />
        <dataField fieldName="Telefono" columns="15" />
        <dataField fieldName="Correo" columns="50" />
        <dataField fieldName="Sexo" columns="1" />
        <dataField fieldName="Fnacimiento" />
        <dataField fieldName="Direccion" />
        <dataField fieldName="Estado" />
      </dataFields>
    </view>
    <view id="editForm1" type="Form" commandId="command1" label="Review Persona">
      <headerText>$DefaultEditViewDescription</headerText>
      <categories>
        <category id="c1" headerText="Persona" newColumn="true">
          <description><![CDATA[$DefaultEditDescription]]></description>
          <dataFields>
            <dataField fieldName="Pass" />
            <dataField fieldName="Nombre" />
            <dataField fieldName="Telefono" columns="15" />
            <dataField fieldName="Correo" columns="50" />
            <dataField fieldName="Sexo" columns="1" />
            <dataField fieldName="Fnacimiento" />
            <dataField fieldName="Direccion" />
            <dataField fieldName="Estado" />
          </dataFields>
        </category>
      </categories>
    </view>
    <view id="createForm1" type="Form" commandId="command1" label="New Persona">
      <headerText>$DefaultCreateViewDescription</headerText>
      <categories>
        <category id="c1" headerText="New Persona" newColumn="true">
          <description><![CDATA[$DefaultNewDescription]]></description>
          <dataFields>
            <dataField fieldName="Pass" />
            <dataField fieldName="Nombre" />
            <dataField fieldName="Telefono" columns="15" />
            <dataField fieldName="Correo" columns="50" />
            <dataField fieldName="Sexo" columns="1" />
            <dataField fieldName="Fnacimiento" />
            <dataField fieldName="Direccion" />
            <dataField fieldName="Estado" />
          </dataFields>
        </category>
      </categories>
    </view>
  </views>
  <actions>
    <actionGroup id="ag1" scope="Grid">
      <action id="a1" commandName="Select" commandArgument="editForm1" />
      <action id="a2" commandName="Edit" />
      <action id="a3" commandName="Delete" />
      <action id="a6" />
      <action id="a7" commandName="New" commandArgument="grid1" />
      <action id="a8" commandName="Duplicate" commandArgument="createForm1" />
    </actionGroup>
    <actionGroup id="ag2" scope="Form">
      <action id="a1" commandName="Edit" />
      <action id="a2" commandName="Delete" />
      <action id="a3" commandName="Cancel" />
      <action id="a4" whenLastCommandName="Edit" commandName="Update" />
      <action id="a5" whenLastCommandName="Edit" commandName="Delete" />
      <action id="a6" whenLastCommandName="Edit" commandName="Cancel" />
      <action id="a7" whenLastCommandName="New" commandName="Insert" />
      <action id="a8" whenLastCommandName="New" commandName="Cancel" />
      <action id="a9" whenLastCommandName="Duplicate" commandName="Insert" />
      <action id="a10" whenLastCommandName="Duplicate" commandName="Cancel" />
      <action id="a13" whenLastCommandName="Insert" whenView="createForm1" commandName="Select" commandArgument="editForm1" whenKeySelected="true" whenClientScript="this.get_hasDetails()" />
    </actionGroup>
    <actionGroup id="ag3" scope="ActionBar" headerText="New" flat="true">
      <action id="a1" commandName="New" commandArgument="createForm1" cssClass="NewIcon" />
    </actionGroup>
    <actionGroup id="ag4" scope="ActionBar" headerText="Edit/Delete" flat="true">
      <action id="a1" whenKeySelected="true" commandName="Edit" commandArgument="editForm1" cssClass="EditIcon" whenView="grid1" />
      <action id="a2" whenKeySelected="true" commandName="Delete" cssClass="DeleteIcon" whenView="grid1" />
    </actionGroup>
    <actionGroup id="ag5" scope="ActionBar" headerText="Actions">
      <action id="a1" commandName="ExportCsv" />
      <action id="a2" />
      <action id="a3" commandName="ExportRowset" />
      <action id="a4" commandName="ExportRss" />
    </actionGroup>
    <actionGroup id="ag6" scope="ActionBar" headerText="Record">
      <action id="a1" whenLastCommandName="Edit" commandName="Update" />
      <action id="a2" whenLastCommandName="Edit" commandName="Cancel" />
      <action id="a3" whenLastCommandName="New" commandName="Insert" />
      <action id="a4" whenLastCommandName="New" commandName="Cancel" />
    </actionGroup>
    <actionGroup id="ag7" scope="ActionBar" headerText="Report">
      <action id="a1" commandName="ReportAsPdf" />
      <action id="a2" commandName="ReportAsImage" />
      <action id="a3" commandName="ReportAsExcel" />
      <action id="a4" commandName="ReportAsWord" />
    </actionGroup>
    <actionGroup id="ag8" scope="Row">
      <action id="a4" whenLastCommandName="Edit" commandName="Update" />
      <action id="a5" whenLastCommandName="Edit" commandName="Cancel" />
      <action id="a6" whenLastCommandName="New" commandName="Insert" />
      <action id="a7" whenLastCommandName="New" commandName="Cancel" />
    </actionGroup>
  </actions>
</dataController>