﻿<?xml version="1.0" encoding="utf-8"?>
<dataController name="Resultado" conflictDetection="overwriteChanges" label="Resultado" xmlns="urn:schemas-codeontime-com:data-aquarium">
  <commands>
    <command id="command1" type="Text">
      <text><![CDATA[
select
	"Resultado"."Id_Resultado" "IDResultado"
	,"Resultado"."idSolicitudAnalisis" "IDSolicitudAnalisis"
	,"TheidSolicitudAnalisis"."Fecha" "TheidSolicitudAnalisisFecha"
	,"TheidSolicitudAnalisisidBioquimico"."Pass" "TheidSolicitudAnalisisidBioquimicoPass"
	,"TheidSolicitudAnalisisidMedico"."Nombre" "TheidSolicitudAnalisisidMedicoNombre"
	,"TheidSolicitudAnalisisidPaciente"."Pass" "TheidSolicitudAnalisisidPacientePass"
	,"Resultado"."NameAnalisis" "NameAnalisis"
	,"Resultado"."Valor" "Valor"
from "dbo"."Resultado" "Resultado"
	left join "dbo"."Solicitud_Analisis" "TheidSolicitudAnalisis" on "Resultado"."idSolicitudAnalisis" = "TheidSolicitudAnalisis"."idSolicitudAnalisis"
	left join "dbo"."Persona" "TheidSolicitudAnalisisidBioquimico" on "TheidSolicitudAnalisis"."idBioquimico" = "TheidSolicitudAnalisisidBioquimico"."Ci"
	left join "dbo"."Medico" "TheidSolicitudAnalisisidMedico" on "TheidSolicitudAnalisis"."idMedico" = "TheidSolicitudAnalisisidMedico"."Id_Medico"
	left join "dbo"."Persona" "TheidSolicitudAnalisisidPaciente" on "TheidSolicitudAnalisis"."idPaciente" = "TheidSolicitudAnalisisidPaciente"."Ci"
]]></text>
    </command>
    <command id="Id_ResultadoIdentityCommand" type="Text" event="Inserted">
      <text><![CDATA[select @@identity]]></text>
      <output>
        <fieldOutput fieldName="Id_Resultado" />
      </output>
    </command>
  </commands>
  <fields>
    <field name="IDResultado" type="Int32" allowNulls="false" isPrimaryKey="true" label="Id Resultado" readOnly="true" />
    <field name="IDSolicitudAnalisis" type="Int32" allowNulls="false" label="id Solicitud Analisis" showInSummary="true">
      <items style="Lookup" dataController="SolicitudAnalisis" newDataView="createForm1" dataValueField="IDSolicitudAnalisis" />
    </field>
    <field name="TheidSolicitudAnalisisFecha" type="String" readOnly="true" label="Theid Solicitud Analisis Fecha" length="50" />
    <field name="TheidSolicitudAnalisisidBioquimicoPass" type="String" readOnly="true" label="Theid Solicitud Analisisid Bioquimico Pass" length="300" />
    <field name="TheidSolicitudAnalisisidMedicoNombre" type="String" readOnly="true" label="Theid Solicitud Analisisid Medico Nombre" length="100" />
    <field name="TheidSolicitudAnalisisidPacientePass" type="String" readOnly="true" label="Theid Solicitud Analisisid Paciente Pass" length="300" />
    <field name="NameAnalisis" type="String" allowNulls="false" label="Name Analisis" length="50" showInSummary="true" />
    <field name="Valor" type="Int32" allowNulls="false" label="Valor" showInSummary="true" />
  </fields>
  <views>
    <view id="grid1" type="Grid" commandId="command1" label="Resultado">
      <headerText>$DefaultGridViewDescription</headerText>
      <dataFields>
        <dataField fieldName="IDSolicitudAnalisis" aliasFieldName="TheidSolicitudAnalisisFecha" />
        <dataField fieldName="TheidSolicitudAnalisisidBioquimicoPass" />
        <dataField fieldName="TheidSolicitudAnalisisidMedicoNombre" />
        <dataField fieldName="TheidSolicitudAnalisisidPacientePass" />
        <dataField fieldName="NameAnalisis" columns="50" />
        <dataField fieldName="Valor" columns="15" />
      </dataFields>
    </view>
    <view id="editForm1" type="Form" commandId="command1" label="Review Resultado">
      <headerText>$DefaultEditViewDescription</headerText>
      <categories>
        <category id="c1" headerText="Resultado" newColumn="true">
          <description><![CDATA[$DefaultEditDescription]]></description>
          <dataFields>
            <dataField fieldName="IDSolicitudAnalisis" aliasFieldName="TheidSolicitudAnalisisFecha" />
            <dataField fieldName="TheidSolicitudAnalisisidBioquimicoPass" />
            <dataField fieldName="TheidSolicitudAnalisisidMedicoNombre" />
            <dataField fieldName="TheidSolicitudAnalisisidPacientePass" />
            <dataField fieldName="NameAnalisis" columns="50" />
            <dataField fieldName="Valor" columns="15" />
          </dataFields>
        </category>
      </categories>
    </view>
    <view id="createForm1" type="Form" commandId="command1" label="New Resultado">
      <headerText>$DefaultCreateViewDescription</headerText>
      <categories>
        <category id="c1" headerText="New Resultado" newColumn="true">
          <description><![CDATA[$DefaultNewDescription]]></description>
          <dataFields>
            <dataField fieldName="IDSolicitudAnalisis" aliasFieldName="TheidSolicitudAnalisisFecha" />
            <dataField fieldName="NameAnalisis" columns="50" />
            <dataField fieldName="Valor" columns="15" />
          </dataFields>
        </category>
      </categories>
    </view>
  </views>
  <actions>
    <actionGroup id="ag1" scope="Grid">
      <action id="a1" commandName="Select" commandArgument="editForm1" />
      <action id="a2" commandName="Edit" />
      <action id="a3" commandName="Delete" />
      <action id="a6" />
      <action id="a7" commandName="New" commandArgument="grid1" />
      <action id="a8" commandName="Duplicate" commandArgument="createForm1" />
    </actionGroup>
    <actionGroup id="ag2" scope="Form">
      <action id="a1" commandName="Edit" />
      <action id="a2" commandName="Delete" />
      <action id="a3" commandName="Cancel" />
      <action id="a4" whenLastCommandName="Edit" commandName="Update" />
      <action id="a5" whenLastCommandName="Edit" commandName="Delete" />
      <action id="a6" whenLastCommandName="Edit" commandName="Cancel" />
      <action id="a7" whenLastCommandName="New" commandName="Insert" />
      <action id="a8" whenLastCommandName="New" commandName="Cancel" />
      <action id="a9" whenLastCommandName="Duplicate" commandName="Insert" />
      <action id="a10" whenLastCommandName="Duplicate" commandName="Cancel" />
      <action id="a13" whenLastCommandName="Insert" whenView="createForm1" commandName="Select" commandArgument="editForm1" whenKeySelected="true" whenClientScript="this.get_hasDetails()" />
    </actionGroup>
    <actionGroup id="ag3" scope="ActionBar" headerText="New" flat="true">
      <action id="a1" commandName="New" commandArgument="createForm1" cssClass="NewIcon" />
    </actionGroup>
    <actionGroup id="ag4" scope="ActionBar" headerText="Edit/Delete" flat="true">
      <action id="a1" whenKeySelected="true" commandName="Edit" commandArgument="editForm1" cssClass="EditIcon" whenView="grid1" />
      <action id="a2" whenKeySelected="true" commandName="Delete" cssClass="DeleteIcon" whenView="grid1" />
    </actionGroup>
    <actionGroup id="ag5" scope="ActionBar" headerText="Actions">
      <action id="a1" commandName="ExportCsv" />
      <action id="a2" />
      <action id="a3" commandName="ExportRowset" />
      <action id="a4" commandName="ExportRss" />
    </actionGroup>
    <actionGroup id="ag6" scope="ActionBar" headerText="Record">
      <action id="a1" whenLastCommandName="Edit" commandName="Update" />
      <action id="a2" whenLastCommandName="Edit" commandName="Cancel" />
      <action id="a3" whenLastCommandName="New" commandName="Insert" />
      <action id="a4" whenLastCommandName="New" commandName="Cancel" />
    </actionGroup>
    <actionGroup id="ag7" scope="ActionBar" headerText="Report">
      <action id="a1" commandName="ReportAsPdf" />
      <action id="a2" commandName="ReportAsImage" />
      <action id="a3" commandName="ReportAsExcel" />
      <action id="a4" commandName="ReportAsWord" />
    </actionGroup>
    <actionGroup id="ag8" scope="Row">
      <action id="a4" whenLastCommandName="Edit" commandName="Update" />
      <action id="a5" whenLastCommandName="Edit" commandName="Cancel" />
      <action id="a6" whenLastCommandName="New" commandName="Insert" />
      <action id="a7" whenLastCommandName="New" commandName="Cancel" />
    </actionGroup>
  </actions>
</dataController>