﻿<?xml version="1.0" encoding="utf-8"?>
<dataModel baseSchema="dbo" baseTable="Resultado" alias="Resultado" created="2016-06-11T20:25:06" modified="2016-06-11T20:25:08" x="20" y="20" xmlns="urn:schemas-codeontime-com:data-model">
  <foreignKeys>
    <foreignKey id="TheidSolicitudAnalisis" parentTableSchema="dbo" parentTableName="Solicitud_Analisis" x="325" y="20">
      <foreignKeyColumn columnName="idSolicitudAnalisis" parentColumnName="idSolicitudAnalisis" />
    </foreignKey>
    <foreignKey id="TheidSolicitudAnalisisidBioquimico" parentTableSchema="dbo" parentTableName="Persona" baseForeignKey="TheidSolicitudAnalisis" x="629" y="20">
      <foreignKeyColumn columnName="idBioquimico" parentColumnName="Ci" />
    </foreignKey>
    <foreignKey id="TheidSolicitudAnalisisidMedico" parentTableSchema="dbo" parentTableName="Medico" baseForeignKey="TheidSolicitudAnalisis" x="629" y="197">
      <foreignKeyColumn columnName="idMedico" parentColumnName="Id_Medico" />
    </foreignKey>
    <foreignKey id="TheidSolicitudAnalisisidPaciente" parentTableSchema="dbo" parentTableName="Persona" baseForeignKey="TheidSolicitudAnalisis" x="629" y="374">
      <foreignKeyColumn columnName="idPaciente" parentColumnName="Ci" />
    </foreignKey>
  </foreignKeys>
  <columns>
    <column fieldName="IDResultado" name="Id_Resultado" label="Id Resultado" />
    <column fieldName="IDSolicitudAnalisis" name="idSolicitudAnalisis" label="id Solicitud Analisis" aliasColumnName="Fecha" aliasForeignKey="TheidSolicitudAnalisis" />
    <column fieldName="TheidSolicitudAnalisisFecha" name="Fecha" label="Theid Solicitud Analisis Fecha" foreignKey="TheidSolicitudAnalisis" />
    <column fieldName="TheidSolicitudAnalisisidBioquimicoPass" name="Pass" label="Theid Solicitud Analisisid Bioquimico Pass" foreignKey="TheidSolicitudAnalisisidBioquimico" />
    <column fieldName="TheidSolicitudAnalisisidMedicoNombre" name="Nombre" label="Theid Solicitud Analisisid Medico Nombre" foreignKey="TheidSolicitudAnalisisidMedico" />
    <column fieldName="TheidSolicitudAnalisisidPacientePass" name="Pass" label="Theid Solicitud Analisisid Paciente Pass" foreignKey="TheidSolicitudAnalisisidPaciente" />
    <column fieldName="NameAnalisis" name="NameAnalisis" label="Name Analisis" />
    <column fieldName="Valor" name="Valor" label="Valor" />
  </columns>
</dataModel>