<application snapshot="true" xmlns="urn:schemas-codeontime-com:data-aquarium-application" xmlns:m="urn:codeontime:data-map" xmlns:dm="urn:schemas-codeontime-com:data-model">
  <pages>
    <page name="Home" title="^HomeTitle^Start^HomeTitle^" description="^HomeDesc^Application home page^HomeDesc^" path="^HomePath^Home^HomePath^" style="HomePage" customStyle="Wide" index="1000">
      <containers>
        <container id="container1" flow="NewRow" />
        <container id="container2" flow="NewColumn" />
      </containers>
      <controls>
        <control id="control1" name="TableOfContents" container="container1" />
        <control id="control2" name="Welcome" container="container2" />
      </controls>
    </page>
    <page name="AnalisisLab" title="Analisis Lab" description="View Analisis Lab" index="1010" path="Analisis Lab">
      <containers>
        <container id="container1" flow="NewRow" />
      </containers>
      <dataViews>
        <dataView id="view1" controller="AnalisisLab" view="grid1" showInSummary="true" container="container1" activator="None" text="" />
      </dataViews>
      <controls />
      <about>This page allows analisis lab management.</about>
    </page>
    <page name="Componente" title="Componente" description="View Componente" index="1020" path="Componente">
      <containers>
        <container id="container1" flow="NewRow" />
      </containers>
      <dataViews>
        <dataView id="view1" controller="Componente" view="grid1" showInSummary="true" container="container1" activator="None" text="" />
      </dataViews>
      <controls />
      <about>This page allows componente management.</about>
    </page>
    <page name="ComponenteAnalisislab" title="Componente Analisislab" description="View Componente Analisislab" index="1030" path="Componente Analisislab">
      <containers>
        <container id="container1" flow="NewRow" />
      </containers>
      <dataViews>
        <dataView id="view1" controller="ComponenteAnalisislab" view="grid1" showInSummary="true" container="container1" activator="None" text="" />
      </dataViews>
      <controls />
      <about>This page allows componente analisislab management.</about>
    </page>
    <page name="ComponenteSubgrupo" title="Componente Subgrupo" description="View Componente Subgrupo" index="1040" path="Componente Subgrupo">
      <containers>
        <container id="container1" flow="NewRow" />
      </containers>
      <dataViews>
        <dataView id="view1" controller="ComponenteSubgrupo" view="grid1" showInSummary="true" container="container1" activator="None" text="" />
      </dataViews>
      <controls />
      <about>This page allows componente subgrupo management.</about>
    </page>
    <page name="SubGrupo" title="Sub Grupo" description="View Sub Grupo" index="1050" path="Sub Grupo">
      <containers>
        <container id="container1" flow="NewRow" />
      </containers>
      <dataViews>
        <dataView id="view1" controller="SubGrupo" view="grid1" showInSummary="true" container="container1" activator="None" text="" />
      </dataViews>
      <controls />
      <about>This page allows sub grupo management.</about>
    </page>
    <page name="DetalleAnalisis" title="Detalle Analisis" description="View Detalle Analisis" index="1060" path="Detalle Analisis">
      <containers>
        <container id="container1" flow="NewRow" />
      </containers>
      <dataViews>
        <dataView id="view1" controller="DetalleAnalisis" view="grid1" showInSummary="true" container="container1" activator="None" text="" />
      </dataViews>
      <controls />
      <about>This page allows detalle analisis management.</about>
    </page>
    <page name="Medico" title="Medico" description="View Medico" index="1070" path="Medico">
      <containers>
        <container id="container1" flow="NewRow" />
      </containers>
      <dataViews>
        <dataView id="view1" controller="Medico" view="grid1" showInSummary="true" container="container1" activator="None" text="" />
      </dataViews>
      <controls />
      <about>This page allows medico management.</about>
    </page>
    <page name="Persona" title="Persona" description="View Persona" index="1080" path="Persona">
      <containers>
        <container id="container1" flow="NewRow" />
      </containers>
      <dataViews>
        <dataView id="view1" controller="Persona" view="grid1" showInSummary="true" container="container1" activator="None" text="" />
      </dataViews>
      <controls />
      <about>This page allows persona management.</about>
    </page>
    <page name="SolicitudAnalisis" title="Solicitud Analisis" description="View Solicitud Analisis" index="1090" path="Solicitud Analisis">
      <containers>
        <container id="container1" flow="NewRow" />
      </containers>
      <dataViews>
        <dataView id="view1" controller="SolicitudAnalisis" view="grid1" showInSummary="true" container="container1" activator="None" text="" />
      </dataViews>
      <controls />
      <about>This page allows solicitud analisis management.</about>
    </page>
    <page name="Resultado" title="Resultado" description="View Resultado" index="1100" path="Resultado">
      <containers>
        <container id="container1" flow="NewRow" />
      </containers>
      <dataViews>
        <dataView id="view1" controller="Resultado" view="grid1" showInSummary="true" container="container1" activator="None" text="" />
      </dataViews>
      <controls />
      <about>This page allows resultado management.</about>
    </page>
    <page name="Membership" title="^MembershipTitle^Membership Manager^MembershipTitle^" description="^MembershipDesc^User and role manager^MembershipDesc^" roles="Administrators" path="^MembershipPath^Membership^MembershipPath^" style="UsersPage" index="1110">
      <containers>
        <container id="container1" flow="NewRow" />
      </containers>
      <about>^MembershipAbout^This page allows to manage roles and users.^MembershipAbout^</about>
      <controls>
        <control id="control1" name="MembershipManager" container="container1" />
      </controls>
    </page>
  </pages>
  <userControls>
    <userControl name="TableOfContents" prefix="uc" generate="Always">
      <body>
                
&lt;div class="ParaInfo"&gt;
        ^TocInstruction^Please select a page link in the table of contents below.^TocInstruction^&lt;/div&gt;
&lt;div class="ParaHeader"&gt;
    ^TocHeader^Site Map^TocHeader^
&lt;/div&gt;
&lt;asp:SiteMapDataSource ID="SiteMapDataSource1" runat="server" ShowStartingNode="false" /&gt;
&lt;asp:TreeView ID="TreeView1" runat="server" DataSourceID="SiteMapDataSource1" CssClass="TreeView"&gt;
&lt;/asp:TreeView&gt;

&lt;div id="app-sitemap" data-app-role="page" data-activator="Button|^TocHeader^Site Map^TocHeader^"&gt;
    &lt;p&gt;
      &lt;span&gt;^TocInstruction^Please select a page link in the table of contents below.^TocInstruction^&lt;/span&gt;
    &lt;/p&gt;
    &lt;div data-app-role="sitemap"&gt;&lt;/div&gt;
    &lt;p&gt;
      &lt;br /&gt;
    &lt;/p&gt;
&lt;/div&gt;
              </body>
    </userControl>
    <userControl name="Welcome" prefix="uc" generate="Always">
      <body>
&lt;div style="padding-left:8px"&gt;&lt;div class="ParaInfo"&gt;
        ^SignInInstruction^Sign in to access the protected site content.^SignInInstruction^&lt;/div&gt;
&lt;div class="ParaHeader"&gt;
    ^SignInHeader^Instructions^SignInHeader^
&lt;/div&gt;
&lt;div class="ParaText"&gt;
    ^SignInPara1^Two standard user accounts are automatically created when application is initialized
    if membership option has been selected for this application.^SignInPara1^
&lt;/div&gt;
                  
&lt;div class="ParaText"&gt;
    ^SignInPara2^The administrative account &lt;b&gt;admin&lt;/b&gt; is authorized to access all areas of the
    web site and membership manager. The standard &lt;b&gt;user&lt;/b&gt; account is allowed to
    access all areas of the web site with the exception of membership manager.^SignInPara2^&lt;/div&gt;
                
                  
&lt;div class="ParaText"&gt;
    ^SignInPara3^Move the mouse pointer over the link &lt;i&gt;Login to this web site&lt;/i&gt; on the right-hand side
    at the top of the page and sign in with one of the accounts listed below.^SignInPara3^&lt;/div&gt;
                
&lt;div class="ParaText"&gt;
    &lt;div style="border: solid 1px black; background-color: InfoBackground; padding: 8px;
        float: left;"&gt;
        ^AdminDesc^Administrative account^AdminDesc^:&lt;br /&gt;
        &lt;b title="User Name"&gt;admin&lt;/b&gt; / &lt;b title="Password"&gt;admin123%&lt;/b&gt;
        &lt;br /&gt;
        &lt;br /&gt;
        ^UserDesc^Standard user account^UserDesc^:&lt;br /&gt;
        &lt;b title="User Name"&gt;user&lt;/b&gt; / &lt;b title="Password"&gt;user123%&lt;/b&gt;
    &lt;/div&gt;
    &lt;div style="clear:both;margin-bottom:8px"&gt;&lt;/div&gt;
    &lt;/div&gt;
&lt;/div&gt;


&lt;div id="app-welcome" data-app-role="page" data-activator="Button|^SignInHeader^Instructions^SignInHeader^" data-activator-description="^SignInInstruction^Sign in to access the protected site content.^SignInInstruction^"&gt;
      &lt;p&gt;^SignInInstruction^Sign in to access the protected site content.^SignInInstruction^&lt;/p&gt;
      &lt;p&gt;
          ^SignInPara1^Two standard user accounts are automatically created when application is initialized
  if membership option has been selected for this application.^SignInPara1^
      &lt;/p&gt;

      &lt;p&gt;
          ^SignInPara2^The administrative account &lt;b&gt;admin&lt;/b&gt; is authorized to access all areas of the
  web site and membership manager. The standard &lt;b&gt;user&lt;/b&gt; account is allowed to
  access all areas of the web site with the exception of membership manager.^SignInPara2^
      &lt;/p&gt;
      &lt;p&gt;
          ^AdminDesc^Administrative account^AdminDesc^:&lt;br /&gt;
          &lt;b title="User Name"&gt;admin&lt;/b&gt; / &lt;b title="Password"&gt;admin123%&lt;/b&gt;
      &lt;/p&gt;
      &lt;p&gt;
          ^UserDesc^Standard user account^UserDesc^:&lt;br /&gt;
          &lt;b title="User Name"&gt;user&lt;/b&gt; / &lt;b title="Password"&gt;user123%&lt;/b&gt;
      &lt;/p&gt;
      &lt;p&gt;&lt;a href="#" data-role="button" data-inline="true" data-theme="b" data-app-role="loginstatus" data-icon="lock"&gt;Login Status&lt;/a&gt;&lt;/p&gt;

&lt;/div&gt;</body>
    </userControl>
    <userControl name="MembershipManager" prefix="uc" generate="Always">
      <body>
                  
&lt;aquarium:MembershipManager ID="mm" runat="server" /&gt;
                </body>
    </userControl>
  </userControls>
</application>