<?xml version="1.0" encoding="utf-8"?><!-- 
  This file is provided to store the settings for your Data Aquarium project. 
  You can safely delete this file if no further code generation is planned.
--><project xmlns="urn:schemas-codeontime-com:data-aquarium-project" compatibility="20111118" dataModel="required" subscriptionLevel="Free" name="Prueba01" prettyName="Prueba 01" type="Web Site Factory" codeDomProvider="CSharp" targetFramework="4.5" userInterface="TouchUI" pageImplementation="aspx">
  <connectionString hostDatabaseSharing="false" sessionStateMode="None">Data Source=(local);Initial Catalog=sw2;Integrated Security=True;</connectionString>
  <providerName>System.Data.SqlClient</providerName>
  <namespace>MyLaboratorio</namespace>
  <webServer run="true" port="63247"><webConfig></webConfig></webServer>
  <features pageHeader="Header Eddy" copyright="" annotations="false" annotationsPath="" newColumn="true" floating="false" maxGridFields="100" multiSelect="false" batchEdit="false" advancedSearch="false" advancedLookup="false" relationshipExplorer="false" enablePermalinks="false" enableHistory="false" enableTransactions="false" showModalForms="false" tabViewSelection="0">
    <navigation detectUnderscoreSeparatedSchema=""/>
    <blob allowUploadOnInsert="true"/>
    <framework scriptOnly="true" useExtenders="false"/>
  <grid actionColumn="false"/><touch desktopDisplayDensity="Condensed" mobileDisplayDensity="Auto" transitions="" sidebar="Landscape" labelsInForm="AlignedLeft" buttonShapes="true" labelsInList="DisplayedBelow" initialListMode="SeeAll" promoteActions="true" mapApiIdentifier=""/><cms searchEngine="" analysisEngine="" analysisOnDataPages="false"/><ease urlHashing="false"><auditing></auditing></ease><packageProperties></packageProperties><smtp deliveryMethod="Network" deliveryFormat="" from="" clientDomain="" targetName="" host="" port="" defaultCredentials="true" enableSsl="false" username="" password=""/></features>
  <reports enabled="true"/>
<host path="" url=""/><databaseObjectFilter generate="ControllersAndPages"></databaseObjectFilter><bll discoveryDepth="3" labelFormatExpression="" generate="false" selectMethod="Select" selectSingleMethod="SelectSingle" insertMethod="Insert" updateMethod="Update" deleteMethod="Delete" generateSharedBusinessRules="false" includeViews="true" tabViewSelection="1"><fieldMap></fieldMap><keys></keys><fieldsToIgnore></fieldsToIgnore><fieldsToHide></fieldsToHide><customLabels></customLabels></bll><membership enabled="true" providerName="System.Data.SqlClient" connectionString="Data Source=(local);Initial Catalog=sw2;Integrated Security=True;" windowsAuthentication="false" activeDirectory="false" customSecurity="false" dedicatedLogin="false" displayRememberMe="true" rememberMeSet="false" displaySignUp="true" displayPasswordRecovery="true" displayMyAccount="true" displayHelp="true" idleUserDetectionTimeout="-1" tabViewSelection="0" validationKey="91482FFAA24305359FFA73B7D1D422938FB15F39ACF0306D57E465EFAD486C1DF0AC487E5EC0CC1572B1F17F8E1661309264688E8478E696DA26AA5974F608C8"><adConfig></adConfig><config></config></membership><globalization uiCulture="es-ES" culture="es-ES" enableClientBasedCulture="false" supportedCultures="es-ES,es-ES; " googleTranslateApiKey=""/><layout name="Classic" menuStyle="MultiLevel"/><theme name="Azure"/></project>